{
  "ReRoutes": [
    {
      "DownstreamPathTemplate": "/user",
      "DownstreamScheme": "http",
      "UpstreamPathTemplate": "/api/user",
      "UpstreamHttpMethod": [ "Get", "POST", "PUT", "DELETE" ],
      "Key": "user",
      "DownstreamHostAndPorts": [
        {
          "Host": "localhost",
          "Port": "3001"
        }
      ]
    },
    {
      "DownstreamPathTemplate": "/user/{url}",
      "DownstreamScheme": "http",
      "UpstreamPathTemplate": "/api/user/{url}",
      "UpstreamHttpMethod": [ "Get", "POST", "PUT", "DELETE" ],
      "Key": "user1",
      "DownstreamHostAndPorts": [
        {
          "Host": "localhost",
          "Port": "3001"
        }
      ]
    },
    {
      "DownstreamPathTemplate": "/product",
      "DownstreamScheme": "http",
      "UpstreamPathTemplate": "/api/product",
      "UpstreamHttpMethod": [ "Get", "POST", "PUT", "DELETE" ],
      "Key": "product",
      "DownstreamHostAndPorts": [
        {
          "Host": "localhost",
          "Port": "3000"
        }
      ]
    },
    {
      "DownstreamPathTemplate": "/product/{url}",
      "DownstreamScheme": "http",
      "UpstreamPathTemplate": "/api/product/{url}",
      "UpstreamHttpMethod": [ "Get", "POST", "PUT", "DELETE" ],
      "Key": "product1",
      "DownstreamHostAndPorts": [
        {
          "Host": "localhost",
          "Port": "3000"
        }
      ]
    },
    {
      "DownstreamPathTemplate": "/cart",
      "DownstreamScheme": "http",
      "UpstreamPathTemplate": "/api/cart",
      "UpstreamHttpMethod": [ "Get", "POST", "PUT", "DELETE" ],
      "Key": "cart",
      "DownstreamHostAndPorts": [
        {
          "Host": "localhost",
          "Port": "3003"
        }
      ]
    },
    {
      "DownstreamPathTemplate": "/cart/{url}",
      "DownstreamScheme": "http",
      "UpstreamPathTemplate": "/api/cart/{url}",
      "UpstreamHttpMethod": [ "Get", "POST", "PUT", "DELETE" ],
      "Key": "cart1",
      "DownstreamHostAndPorts": [
        {
          "Host": "localhost",
          "Port": "3003"
        }
      ]
    },
    {
      "DownstreamPathTemplate": "/order",
      "DownstreamScheme": "http",
      "UpstreamPathTemplate": "/api/order",
      "UpstreamHttpMethod": [ "Get", "POST", "PUT", "DELETE" ],
      "Key": "order",
      "DownstreamHostAndPorts": [
        {
          "Host": "localhost",
          "Port": "3004"
        }
      ]
    },
    {
      "DownstreamPathTemplate": "/order/{url}",
      "DownstreamScheme": "http",
      "UpstreamPathTemplate": "/api/order/{url}",
      "UpstreamHttpMethod": [ "Get", "POST", "PUT", "DELETE" ],
      "Key": "order1",
      "DownstreamHostAndPorts": [
        {
          "Host": "localhost",
          "Port": "3004"
        }
      ]
    },
    {
      "DownstreamPathTemplate": "/payment",
      "DownstreamScheme": "http",
      "UpstreamPathTemplate": "/api/payment",
      "UpstreamHttpMethod": [ "Get", "POST", "PUT", "DELETE" ],
      "Key": "payment",
      "DownstreamHostAndPorts": [
        {
          "Host": "localhost",
          "Port": "3005"
        }
      ]
    },
    {
      "DownstreamPathTemplate": "/payment/{url}",
      "DownstreamScheme": "http",
      "UpstreamPathTemplate": "/api/payment/{url}",
      "UpstreamHttpMethod": [ "Get", "POST", "PUT", "DELETE" ],
      "Key": "payment1",
      "DownstreamHostAndPorts": [
        {
          "Host": "localhost",
          "Port": "3005"
        }
      ]
    },
    {
      "DownstreamPathTemplate": "/delivery",
      "DownstreamScheme": "http",
      "UpstreamPathTemplate": "/api/delivery",
      "UpstreamHttpMethod": [ "Get", "POST", "PUT", "DELETE" ],
      "Key": "delivery",
      "DownstreamHostAndPorts": [
        {
          "Host": "localhost",
          "Port": "3006"
        }
      ]
    },
    {
      "DownstreamPathTemplate": "/delivery/{url}",
      "DownstreamScheme": "http",
      "UpstreamPathTemplate": "/api/delivery/{url}",
      "UpstreamHttpMethod": [ "Get", "POST", "PUT", "DELETE" ],
      "Key": "delivery1",
      "DownstreamHostAndPorts": [
        {
          "Host": "localhost",
          "Port": "3006"
        }
      ]
    }
  ],
  "Aggregates": [
    {
      "ReRouteKeys": [
        "user"
      ],
      "UpstreamPathTemplate": "/combine"
    }
  ],
  "GlobalConfiguration": {
    "RequestIdKey": "OcRequestId",
    "AdministrationPath": "/administration",
    "UseServiceDiscovery": true,
    "ServiceDiscoveryProvider": {
      "Type": "Eureka",
      "Host": "localhost",
      "Port": "8761"
    }
  }
}